SignatureTime	PrioritizationTime	Total
1.4774981670000003	2.0758860330000033	3.5533842000000035
