SignatureTime	PrioritizationTime	Total
0.0977910660000001	0.0047255719999999	0.102516638
