SignatureTime	PrioritizationTime	Total
0.5381309519999959	2.0879845940000052	2.626115546000001
