SignatureTime	PrioritizationTime	Total
3.8379235550000033	1.8116060720000036	5.649529627000007
