SignatureTime	PrioritizationTime	Total
4.346316177	2.0656555580000004	6.411971735000001
