SignatureTime	PrioritizationTime	Total
0.05323454899999991	0.007401374000000072	0.06063592299999998
