SignatureTime	PrioritizationTime	Total
0.0275537680000002	0.0008285039999997856	0.028382271999999986
