SignatureTime	PrioritizationTime	Total
8.312260422999998	4.466737850999998	12.778998273999996
