SignatureTime	PrioritizationTime	Total
1.2005053280000002	4.5698176109999995	5.770322939
