SignatureTime	PrioritizationTime	Total
3.2134118859999994	4.602697429999999	7.816109315999999
