SignatureTime	PrioritizationTime	Total
0.44107535100000006	0.0032351830000001414	0.4443105340000002
