SignatureTime	PrioritizationTime	Total
3.123616893999994	0.47690435499998785	3.600521248999982
