SignatureTime	PrioritizationTime	Total
0.288285977000001	0.4683645470000002	0.7566505240000012
