SignatureTime	PrioritizationTime	Total
0.005590085999999772	0.00012726000000018445	0.0057173459999999565
