SignatureTime	PrioritizationTime	Total
1.5733529020000034	0.47345675900000117	2.0468096610000046
