SignatureTime	PrioritizationTime	Total
0.0019118790000001162	4.388099999985684e-05	0.001955759999999973
