SignatureTime	PrioritizationTime	Total
3.717352334	0.46048837900000006	4.177840713
