SignatureTime	PrioritizationTime	Total
3.6792117860000033	1.8093177120000021	5.4885294980000054
