SignatureTime	PrioritizationTime	Total
0.4051451099999994	2.036487515000001	2.4416326250000004
