SignatureTime	PrioritizationTime	Total
0.021066317999999917	0.0006396529999999068	0.021705970999999824
