SignatureTime	PrioritizationTime	Total
4.384967413	1.896343238	6.281310651
