SignatureTime	PrioritizationTime	Total
1.116061290000001	1.9432669029999978	3.059328192999999
