SignatureTime	PrioritizationTime	Total
0.031074733999999715	0.00040605199999976804	0.03148078599999948
