SignatureTime	PrioritizationTime	Total
0.01757974200000012	0.0004588720000002766	0.018038614000000397
