SignatureTime	PrioritizationTime	Total
0.27975610499999704	0.009398433999997735	0.28915453899999477
