SignatureTime	PrioritizationTime	Total
0.7741974570000003	0.01487039999999995	0.7890678570000003
