SignatureTime	PrioritizationTime	Total
0.04748407099999952	0.015273605000000856	0.06275767600000037
