SignatureTime	PrioritizationTime	Total
0.06814560699999994	0.0009019540000001491	0.06904756100000009
