SignatureTime	PrioritizationTime	Total
0.11767778699999809	0.015080654000001914	0.132758441
