SignatureTime	PrioritizationTime	Total
3.199912588	4.560186401	7.760098989
