SignatureTime	PrioritizationTime	Total
1.153816731	4.497680187	5.651496918
