SignatureTime	PrioritizationTime	Total
0.027905520000000017	0.0013355159999999255	0.029241035999999943
