SignatureTime	PrioritizationTime	Total
0.027524238000000256	0.0008335239999999189	0.028357762000000175
