SignatureTime	PrioritizationTime	Total
8.200863643000002	4.261350801999999	12.462214445
