SignatureTime	PrioritizationTime	Total
2.6078836179999954	0.6047465820000042	3.2126301999999995
