SignatureTime	PrioritizationTime	Total
0.9998758910000021	0.7341254890000002	1.7340013800000023
