SignatureTime	PrioritizationTime	Total
0.013133890999999842	0.00044463200000000036	0.013578522999999842
