SignatureTime	PrioritizationTime	Total
0.1583305580000003	0.007228264000000095	0.16555882200000038
