SignatureTime	PrioritizationTime	Total
3.252345485	0.6970364919999996	3.949381977
