SignatureTime	PrioritizationTime	Total
0.30634521300000017	0.7166503760000005	1.0229955890000006
