SignatureTime	PrioritizationTime	Total
0.027336028000000123	0.000891463999999953	0.028227492000000076
