SignatureTime	PrioritizationTime	Total
2.6980101790000006	0.38008176399999627	3.078091942999997
