SignatureTime	PrioritizationTime	Total
1.0802178300000023	0.4511555449999989	1.5313733750000011
