SignatureTime	PrioritizationTime	Total
3.0411943809999995	0.4529527840000007	3.494147165
