SignatureTime	PrioritizationTime	Total
0.07337811199999988	0.003566415999999961	0.07694452799999985
