SignatureTime	PrioritizationTime	Total
0.29213642399999884	0.4541081069999997	0.7462445309999985
