SignatureTime	PrioritizationTime	Total
0.1947249590000002	0.04801429399999968	0.24273925299999988
