SignatureTime	PrioritizationTime	Total
0.05298292699999996	0.0059367379999999415	0.0589196649999999
