SignatureTime	PrioritizationTime	Total
0.39407801399999975	2.682541865000001	3.076619879000001
