SignatureTime	PrioritizationTime	Total
2.8047493370000005	1.9679500819999944	4.772699418999995
