SignatureTime	PrioritizationTime	Total
3.396590527	2.5644909769999993	5.961081503999999
