SignatureTime	PrioritizationTime	Total
1.3512620540000029	2.585981037	3.9372430910000027
