SignatureTime	PrioritizationTime	Total
0.12848303100000003	0.23527986299999992	0.36376289399999995
