SignatureTime	PrioritizationTime	Total
1.806653905	0.22156757300000018	2.028221478
