SignatureTime	PrioritizationTime	Total
0.15035221099999996	0.013664762999999969	0.16401697399999993
