SignatureTime	PrioritizationTime	Total
0.127141293	0.007943896999999867	0.13508518999999986
