SignatureTime	PrioritizationTime	Total
1.0767987140000002	0.0977083160000003	1.1745070300000005
