SignatureTime	PrioritizationTime	Total
0.4474625990000003	0.215293999	0.6627565980000003
