SignatureTime	PrioritizationTime	Total
0.4961296139999991	2.005412616000001	2.50154223
