SignatureTime	PrioritizationTime	Total
0.005233374999999985	0.00011428999999996137	0.005347664999999946
