SignatureTime	PrioritizationTime	Total
0.00972506499999981	0.0002780710000001019	0.010003135999999913
