SignatureTime	PrioritizationTime	Total
6.393146678000001	2.0604624839999985	8.453609162
