SignatureTime	PrioritizationTime	Total
6.864501078999999	2.0077849380000004	8.872286017
