SignatureTime	PrioritizationTime	Total
3.0485542290000023	1.995563653999998	5.044117883
