SignatureTime	PrioritizationTime	Total
3.463542478	4.0366436000000006	7.5001860780000005
