SignatureTime	PrioritizationTime	Total
0.41003974	0.014005978000000141	0.4240457180000001
