SignatureTime	PrioritizationTime	Total
1.470784569	4.042246455000001	5.513031024000001
