SignatureTime	PrioritizationTime	Total
7.820782777	3.786085625	11.606868402
