SignatureTime	PrioritizationTime	Total
0.004126080000000254	7.782000000000622e-05	0.00420390000000026
