SignatureTime	PrioritizationTime	Total
5.723962516	4.671597937	10.395560453
