SignatureTime	PrioritizationTime	Total
0.7319900399999995	4.989167451000004	5.721157491000003
