SignatureTime	PrioritizationTime	Total
1.6724406399999978	4.735896451999999	6.4083370919999965
