SignatureTime	PrioritizationTime	Total
0.019604251000000072	0.0006297730000000001	0.020234024000000073
