SignatureTime	PrioritizationTime	Total
5.28010156500001	4.7069385510000075	9.987040116000017
