SignatureTime	PrioritizationTime	Total
1.000676419	0.030099920999999696	1.0307763399999996
