SignatureTime	PrioritizationTime	Total
0.15683780200001252	0.029574953999997433	0.18641275600000995
