SignatureTime	PrioritizationTime	Total
0.4093016299999874	0.008011937000006242	0.41731356699999367
