SignatureTime	PrioritizationTime	Total
0.20922107700000003	0.01797269400000001	0.22719377100000004
