SignatureTime	PrioritizationTime	Total
0.0033169560000001486	0.00011380999999999197	0.0034307660000001405
