SignatureTime	PrioritizationTime	Total
0.036956865999997035	0.03007127700000467	0.0670281430000017
