SignatureTime	PrioritizationTime	Total
0.16863686099999953	0.01760969399999901	0.18624655499999854
