SignatureTime	PrioritizationTime	Total
0.036952233000000057	0.0003783120000000473	0.037330545000000104
