SignatureTime	PrioritizationTime	Total
0.03761866899999955	0.01798868599999981	0.05560735499999936
