SignatureTime	PrioritizationTime	Total
0.8657561450000002	0.019734681999999726	0.8854908269999999
