SignatureTime	PrioritizationTime	Total
0.3373663640000011	0.009538905000001208	0.3469052690000023
