SignatureTime	PrioritizationTime	Total
0.2675268959999999	0.0016379280000000662	0.26916482399999997
