SignatureTime	PrioritizationTime	Total
0.2803166570000002	0.010728139999999886	0.2910447970000001
