SignatureTime	PrioritizationTime	Total
3.385175173999997	0.8523053059999981	4.237480479999995
