SignatureTime	PrioritizationTime	Total
4.164484284	1.0196432179999997	5.184127502
