SignatureTime	PrioritizationTime	Total
0.34001959499999757	1.0229325780000025	1.362952173
