SignatureTime	PrioritizationTime	Total
0.02475890500000011	0.0009832950000001617	0.02574220000000027
