SignatureTime	PrioritizationTime	Total
1.0898971610000032	1.0347284079999994	2.1246255690000027
