SignatureTime	PrioritizationTime	Total
0.09625060900000015	0.010967731000000036	0.10721834000000019
