SignatureTime	PrioritizationTime	Total
0.7259399039999987	3.3786989729999988	4.1046388769999975
