SignatureTime	PrioritizationTime	Total
0.3847605940000003	3.333246290999999	3.7180068849999994
