SignatureTime	PrioritizationTime	Total
2.176849977	2.831095927999998	5.007945904999998
