SignatureTime	PrioritizationTime	Total
2.724913409	3.3719658520000007	6.096879261000001
