SignatureTime	PrioritizationTime	Total
0.07898373900000011	0.01574528399999986	0.09472902299999997
