SignatureTime	PrioritizationTime	Total
1.862585297	0.041377603000000374	1.9039629000000005
