SignatureTime	PrioritizationTime	Total
0.31790550100000203	0.03964489700000229	0.3575503980000043
