SignatureTime	PrioritizationTime	Total
0.00841365900000035	0.00013422100000060055	0.008547880000000951
