SignatureTime	PrioritizationTime	Total
1.394021893999998	0.03548254599999723	1.4295044399999952
