SignatureTime	PrioritizationTime	Total
0.005443845999999919	0.0001651410000000908	0.00560898700000001
