SignatureTime	PrioritizationTime	Total
0.09594581500000032	0.040888013	0.13683382800000032
