SignatureTime	PrioritizationTime	Total
4.664595081999998	2.7505687519999995	7.415163833999998
