SignatureTime	PrioritizationTime	Total
0.6300615080000007	3.302558001999998	3.9326195099999985
