SignatureTime	PrioritizationTime	Total
0.04956335199999984	0.0035502060000003333	0.05311355800000017
