SignatureTime	PrioritizationTime	Total
5.154018832	3.5727327299999994	8.726751562
