SignatureTime	PrioritizationTime	Total
1.7613332360000022	3.1041697040000003	4.8655029400000025
