SignatureTime	PrioritizationTime	Total
0.05057207600000013	0.0026893619999999174	0.05326143800000005
