SignatureTime	PrioritizationTime	Total
0.034710311999999854	0.0010217340000000519	0.035732045999999906
