SignatureTime	PrioritizationTime	Total
0.5585654870000001	0.004337151000000095	0.5629026380000002
