SignatureTime	PrioritizationTime	Total
0.028957675000000904	0.00024285099999943327	0.029200526000000337
