SignatureTime	PrioritizationTime	Total
0.09808523700000027	0.002046399000000143	0.10013163600000041
