SignatureTime	PrioritizationTime	Total
0.04108663299999904	0.003808955999996755	0.044895588999995795
