SignatureTime	PrioritizationTime	Total
0.02101987899999891	0.003905466999999163	0.024925345999998072
