SignatureTime	PrioritizationTime	Total
0.49298628099999986	0.0020837199999999	0.49507000099999976
