SignatureTime	PrioritizationTime	Total
6.514571222000001	1.6379815320000013	8.152552754000002
