SignatureTime	PrioritizationTime	Total
1.012351433	1.989767038	3.002118471
