SignatureTime	PrioritizationTime	Total
33.13598036	2.2779898039999997	35.413970164
