SignatureTime	PrioritizationTime	Total
3.1632911790000007	1.9106288839999994	5.073920063
