SignatureTime	PrioritizationTime	Total
0.541231483	0.10365976799999999	0.644891251
