SignatureTime	PrioritizationTime	Total
0.22711476799999986	0.003126055000000072	0.23024082299999993
