SignatureTime	PrioritizationTime	Total
0.4031143119999996	0.09083993400000168	0.49395424600000126
