SignatureTime	PrioritizationTime	Total
1.5505742639999998	0.08012296400000007	1.6306972279999998
