SignatureTime	PrioritizationTime	Total
0.0005355919999998626	3.1579999999920005e-05	0.0005671719999997826
