SignatureTime	PrioritizationTime	Total
1.0485423120000021	0.06652531000000295	1.115067622000005
