SignatureTime	PrioritizationTime	Total
0.14928617999999716	0.09313349299999985	0.242419672999997
