SignatureTime	PrioritizationTime	Total
0.03205228900000012	0.00037011199999970046	0.03242240099999982
