SignatureTime	PrioritizationTime	Total
4.266151299000001	0.7061967249999999	4.972348024
