SignatureTime	PrioritizationTime	Total
3.7511667219999936	0.6870982659999925	4.438264987999986
