SignatureTime	PrioritizationTime	Total
0.011235061999999907	0.00035466199999989456	0.011589723999999801
