SignatureTime	PrioritizationTime	Total
1.338463560000001	0.7235255650000028	2.0619891250000038
