SignatureTime	PrioritizationTime	Total
0.4758850489999986	0.740956508	1.2168415569999986
