SignatureTime	PrioritizationTime	Total
0.14961455700000004	0.00640660000000004	0.15602115700000008
