SignatureTime	PrioritizationTime	Total
0.46419234999999937	1.0369259579999994	1.5011183079999988
