SignatureTime	PrioritizationTime	Total
0.016037984000000005	0.0005212520000001941	0.0165592360000002
