SignatureTime	PrioritizationTime	Total
1.1867955109999997	1.037674029999998	2.2244695409999977
