SignatureTime	PrioritizationTime	Total
3.547019630000001	0.9467813379999939	4.493800967999995
