SignatureTime	PrioritizationTime	Total
4.179413711	1.0083313839999999	5.1877450949999995
