SignatureTime	PrioritizationTime	Total
0.8446800350000032	4.6080101330000005	5.452690168000004
