SignatureTime	PrioritizationTime	Total
0.4212651280000017	4.589537815000007	5.010802943000009
