SignatureTime	PrioritizationTime	Total
3.053497578	4.4597583489999995	7.5132559269999994
