SignatureTime	PrioritizationTime	Total
0.2452223739999999	0.13466357799999962	0.3798859519999995
