SignatureTime	PrioritizationTime	Total
0.274299659	0.040674129000000114	0.3149737880000001
