SignatureTime	PrioritizationTime	Total
2.275938799000002	2.8764952610000023	5.1524340600000045
