SignatureTime	PrioritizationTime	Total
0.8293754600000001	0.04574519399999977	0.8751206539999998
