SignatureTime	PrioritizationTime	Total
0.04816013400000019	0.0010787049999998466	0.049238839000000034
