SignatureTime	PrioritizationTime	Total
0.06749933500000083	0.03943250700000078	0.10693184200000161
