SignatureTime	PrioritizationTime	Total
0.010706780000000027	0.0003955120000000978	0.011102292000000125
