SignatureTime	PrioritizationTime	Total
0.33716802399999324	0.031097414999990747	0.368265438999984
