SignatureTime	PrioritizationTime	Total
0.02882356199999947	0.04056926099999458	0.06939282299999405
