SignatureTime	PrioritizationTime	Total
1.0893729189999988	2.861468569000003	3.950841488000002
