SignatureTime	PrioritizationTime	Total
2.9378726680000042	2.822809881000005	5.760682549000009
