SignatureTime	PrioritizationTime	Total
0.005204224000000313	0.0001191610000002008	0.005323385000000513
