SignatureTime	PrioritizationTime	Total
0.26587731200000064	2.792328158	3.0582054700000008
