SignatureTime	PrioritizationTime	Total
3.360247288	2.7764050339999997	6.136652322
