SignatureTime	PrioritizationTime	Total
0.005099983999999891	0.0003092309999999099	0.005409214999999801
