SignatureTime	PrioritizationTime	Total
0.8110696629999998	0.016451027000000007	0.8275206899999998
