SignatureTime	PrioritizationTime	Total
0.11432853899999995	0.0004721219999999082	0.11480066099999986
