SignatureTime	PrioritizationTime	Total
0.031033124999999995	0.002377250999999969	0.033410375999999964
