SignatureTime	PrioritizationTime	Total
0.8214247960000001	0.030647802999999918	0.852072599
