SignatureTime	PrioritizationTime	Total
0.491507527	0.0319562240000002	0.5234637510000002
