SignatureTime	PrioritizationTime	Total
0.526435641	0.03087255	0.557308191
