SignatureTime	PrioritizationTime	Total
0.6199195080000006	1.2672334799999998	1.8871529880000004
