SignatureTime	PrioritizationTime	Total
6.015641243	1.2254312069999997	7.24107245
