SignatureTime	PrioritizationTime	Total
2.3742705320000006	1.2639106459999994	3.638181178
