SignatureTime	PrioritizationTime	Total
0.11487120500000003	0.011009410999999858	0.1258806159999999
