SignatureTime	PrioritizationTime	Total
0.021587151000000082	0.0010054850000000837	0.022592636000000166
