SignatureTime	PrioritizationTime	Total
5.430277306000001	1.0475394169999994	6.477816723
