SignatureTime	PrioritizationTime	Total
0.8493244639999995	1.3862502819999998	2.2355747459999993
