SignatureTime	PrioritizationTime	Total
2.3330273560000006	1.2424693470000001	3.5754967030000007
