SignatureTime	PrioritizationTime	Total
2.8819124979999997	1.3770972950000004	4.259009793000001
