SignatureTime	PrioritizationTime	Total
0.18771028700000025	0.01641403699999966	0.2041243239999999
