SignatureTime	PrioritizationTime	Total
0.31625567499999985	1.3988037650000003	1.71505944
