SignatureTime	PrioritizationTime	Total
0.09028525999999992	0.0014352159999999614	0.09172047599999988
