SignatureTime	PrioritizationTime	Total
0.11540224799999876	0.13823997300000102	0.2536422209999998
