SignatureTime	PrioritizationTime	Total
0.004846303000000107	0.00013604099999997565	0.004982344000000083
