SignatureTime	PrioritizationTime	Total
0.040624799000000156	0.0014257170000000485	0.042050516000000204
