SignatureTime	PrioritizationTime	Total
0.481976705000001	0.13624122599999922	0.6182179310000002
