SignatureTime	PrioritizationTime	Total
1.6695536570000002	0.13865375700000016	1.8082074140000004
