SignatureTime	PrioritizationTime	Total
1.5084275569999974	0.1244557700000044	1.6328833270000018
