SignatureTime	PrioritizationTime	Total
1.1201084580000007	2.7586982549999988	3.8788067129999995
