SignatureTime	PrioritizationTime	Total
3.418834845	2.7917016939999995	6.210536539
