SignatureTime	PrioritizationTime	Total
0.1812268149999996	0.01899868799999993	0.20022550299999953
