SignatureTime	PrioritizationTime	Total
0.4400462780000005	2.847810933	3.2878572110000004
