SignatureTime	PrioritizationTime	Total
0.03788749700000005	0.00273917300000015	0.0406266700000002
