SignatureTime	PrioritizationTime	Total
2.723678207999999	2.3562417429999982	5.079919950999997
