SignatureTime	PrioritizationTime	Total
0.9347629059999996	10.207530550000001	11.142293456
