SignatureTime	PrioritizationTime	Total
0.010585559999999994	0.0005654829999999222	0.011151042999999916
