SignatureTime	PrioritizationTime	Total
3.5099293179999993	10.104841985999998	13.614771303999998
