SignatureTime	PrioritizationTime	Total
12.525012069000002	10.150763260000005	22.675775329000007
