SignatureTime	PrioritizationTime	Total
12.757582825	10.642299463	23.399882288
