SignatureTime	PrioritizationTime	Total
0.01938469999999981	0.0005428229999999701	0.01992752299999978
