SignatureTime	PrioritizationTime	Total
1.551479293	0.04348259299999979	1.5949618859999999
