SignatureTime	PrioritizationTime	Total
0.9169503580000002	0.016979039999999834	0.9339293980000001
