SignatureTime	PrioritizationTime	Total
0.256949509	0.011922755000000063	0.2688722640000001
