SignatureTime	PrioritizationTime	Total
0.0116493339999999	0.0004643520000000567	0.012113685999999957
