SignatureTime	PrioritizationTime	Total
0.10372431799999982	0.05274435199999994	0.15646866999999975
