SignatureTime	PrioritizationTime	Total
0.571885414	0.05132765600000022	0.6232130700000003
