SignatureTime	PrioritizationTime	Total
0.1063193060000005	0.00035952200000011203	0.10667882800000061
