SignatureTime	PrioritizationTime	Total
0.01542813200000026	0.0003107920000000597	0.01573892400000032
