SignatureTime	PrioritizationTime	Total
0.2588062430000022	0.02878550200000518	0.2875917450000074
