SignatureTime	PrioritizationTime	Total
0.07550693900000027	0.029821026000000472	0.10532796500000075
