SignatureTime	PrioritizationTime	Total
1.2789210670000002	0.032304230999999906	1.311225298
