SignatureTime	PrioritizationTime	Total
0.745664558999998	0.023578829999998163	0.7692433889999961
