SignatureTime	PrioritizationTime	Total
1.1335150259999978	2.118961425000002	3.2524764509999997
