SignatureTime	PrioritizationTime	Total
3.159944693	2.062528404	5.222473097
