SignatureTime	PrioritizationTime	Total
0.003244646000000184	0.00011325000000006469	0.003357896000000249
