SignatureTime	PrioritizationTime	Total
0.30491053200000007	0.0020288690000000997	0.30693940100000017
