SignatureTime	PrioritizationTime	Total
0.40490029900000124	2.1691864669999994	2.5740867660000006
