SignatureTime	PrioritizationTime	Total
2.5850463410000017	2.014119946000001	4.599166287000003
