SignatureTime	PrioritizationTime	Total
0.13778959200000074	0.05439803000000154	0.19218762200000228
