SignatureTime	PrioritizationTime	Total
0.011887715000000298	0.00021904100000025295	0.012106756000000551
