SignatureTime	PrioritizationTime	Total
1.2737851539999998	0.053436140000000076	1.3272212939999999
