SignatureTime	PrioritizationTime	Total
0.8569299790000002	0.04638967700000052	0.9033196560000007
