SignatureTime	PrioritizationTime	Total
0.015431951999999693	0.0004513820000000557	0.01588333399999975
