SignatureTime	PrioritizationTime	Total
0.41453929000000045	0.05385368799999668	0.46839297799999713
