SignatureTime	PrioritizationTime	Total
0.7810347950000036	0.09311608499999835	0.874150880000002
