SignatureTime	PrioritizationTime	Total
0.732406165	0.2266503179999999	0.9590564829999999
