SignatureTime	PrioritizationTime	Total
1.241936427	0.09575244700000018	1.3376888740000001
