SignatureTime	PrioritizationTime	Total
0.10005596200000255	0.09922884899999929	0.19928481100000184
