SignatureTime	PrioritizationTime	Total
0.007385574999999811	0.00028695100000009077	0.007672525999999902
