SignatureTime	PrioritizationTime	Total
0.532032568	0.020356856000000034	0.552389424
