SignatureTime	PrioritizationTime	Total
0.079253982	0.011695908000000088	0.09094989000000009
