SignatureTime	PrioritizationTime	Total
0.6153352059999999	0.01946635200000002	0.6348015579999999
