SignatureTime	PrioritizationTime	Total
0.8929049900000001	0.017748432999999952	0.9106534230000001
