SignatureTime	PrioritizationTime	Total
0.006244367999999945	0.0002027310000003446	0.006447099000000289
