SignatureTime	PrioritizationTime	Total
0.5385112320000001	0.018270545000000027	0.5567817770000001
