SignatureTime	PrioritizationTime	Total
0.5973765550000001	0.004188979000000037	0.6015655340000001
