SignatureTime	PrioritizationTime	Total
0.0028395439999999716	6.350999999993334e-05	0.002903053999999905
