SignatureTime	PrioritizationTime	Total
0.0364364739999985	0.003875467000000299	0.0403119409999988
