SignatureTime	PrioritizationTime	Total
0.043718804999997474	0.0013767760000007456	0.04509558099999822
