SignatureTime	PrioritizationTime	Total
0.02187715300000015	0.0036992659999999233	0.025576419000000072
