SignatureTime	PrioritizationTime	Total
0.09824685899999963	0.001804608000000485	0.10005146700000012
