SignatureTime	PrioritizationTime	Total
0.004189828999999978	0.00011793000000004383	0.004307759000000022
