SignatureTime	PrioritizationTime	Total
2.9849632600000007	4.508781752000001	7.4937450120000015
