SignatureTime	PrioritizationTime	Total
5.9792231460000025	4.291142271000005	10.270365417000008
