SignatureTime	PrioritizationTime	Total
0.76284405	4.4844440819999996	5.2472881319999995
