SignatureTime	PrioritizationTime	Total
4.475642272000002	3.2303271420000073	7.705969414000009
