SignatureTime	PrioritizationTime	Total
0.023595739999999754	0.0005979530000002065	0.02419369299999996
