SignatureTime	PrioritizationTime	Total
5.061224587	3.336561337	8.397785924
