SignatureTime	PrioritizationTime	Total
0.032454790999999705	0.00029848100000018363	0.03275327199999989
