SignatureTime	PrioritizationTime	Total
0.6197800959999995	3.4387654559999987	4.058545551999998
