SignatureTime	PrioritizationTime	Total
1.4389858750000002	3.310495205999999	4.749481080999999
