SignatureTime	PrioritizationTime	Total
1.8819287839999994	3.2591844279999975	5.141113211999997
