SignatureTime	PrioritizationTime	Total
5.863988835000001	3.115709518	8.979698353
