SignatureTime	PrioritizationTime	Total
0.6856545250000003	3.2660762579999982	3.9517307829999986
