SignatureTime	PrioritizationTime	Total
0.05189598200000001	0.0027633030000000502	0.05465928500000006
