SignatureTime	PrioritizationTime	Total
0.20997719000000004	0.01924777000000022	0.22922496000000026
