SignatureTime	PrioritizationTime	Total
5.221346032	2.7586109910000047	7.979957023000004
