SignatureTime	PrioritizationTime	Total
0.20964384500000044	0.026462661000000054	0.2361065060000005
