SignatureTime	PrioritizationTime	Total
0.6036535569999995	0.02557244000000125	0.6292259970000007
