SignatureTime	PrioritizationTime	Total
0.049783240000000006	0.02693275400000017	0.07671599400000018
