SignatureTime	PrioritizationTime	Total
0.00532188499999986	0.00017377099999960066	0.00549565599999946
