SignatureTime	PrioritizationTime	Total
0.06591111999999999	0.00908028900000013	0.07499140900000012
