SignatureTime	PrioritizationTime	Total
1.0159003490000003	0.02726296699999997	1.0431633160000002
