SignatureTime	PrioritizationTime	Total
0.007932317000000078	0.0003181020000000423	0.00825041900000012
