SignatureTime	PrioritizationTime	Total
0.01280233399999986	0.0026769619999988947	0.015479295999998754
