SignatureTime	PrioritizationTime	Total
0.05774800000000013	0.00183269900000127	0.0595806990000014
