SignatureTime	PrioritizationTime	Total
0.1897632279999999	0.002832673000000119	0.192595901
