SignatureTime	PrioritizationTime	Total
0.005325174999999849	0.00012823000000006246	0.005453404999999911
