SignatureTime	PrioritizationTime	Total
0.0057512940000004065	0.0031731729999995295	0.008924466999999936
