SignatureTime	PrioritizationTime	Total
0.08562351900000009	0.015553292999999968	0.10117681200000006
