SignatureTime	PrioritizationTime	Total
0.09605151799999989	0.00561951599999988	0.10167103399999977
