SignatureTime	PrioritizationTime	Total
2.690614669	3.3634346330000002	6.054049302
