SignatureTime	PrioritizationTime	Total
0.37966378299999803	3.269664182999996	3.649327965999994
