SignatureTime	PrioritizationTime	Total
0.7331751649999987	3.4488148489999944	4.181990013999993
