SignatureTime	PrioritizationTime	Total
2.104963730999998	2.867669230000004	4.972632961000002
