SignatureTime	PrioritizationTime	Total
4.96645756	3.1715837880000004	8.138041348000002
