SignatureTime	PrioritizationTime	Total
4.578843342999999	2.707306331999998	7.286149674999997
