SignatureTime	PrioritizationTime	Total
1.586848379	3.2156496740000007	4.802498053000001
