SignatureTime	PrioritizationTime	Total
0.0708481809999999	0.009908736999999945	0.08075691799999984
