SignatureTime	PrioritizationTime	Total
0.0762018550000001	0.08418891499999992	0.16039077000000002
