SignatureTime	PrioritizationTime	Total
0.5605916860000004	3.1655348830000003	3.7261265690000007
