SignatureTime	PrioritizationTime	Total
0.12758938499999983	0.0025488220000000616	0.1301382069999999
