SignatureTime	PrioritizationTime	Total
0.012996250999999903	0.00031932100000009456	0.013315571999999998
