SignatureTime	PrioritizationTime	Total
0.9954875419999998	0.024815445999999852	1.0203029879999996
