SignatureTime	PrioritizationTime	Total
0.06463778300000023	0.034656585999999656	0.09929436899999988
