SignatureTime	PrioritizationTime	Total
0.17371622300000045	0.03327046099999986	0.2069866840000003
