SignatureTime	PrioritizationTime	Total
0.4113581800000006	0.015015260000000197	0.42637344000000077
