SignatureTime	PrioritizationTime	Total
0.22369666300000013	0.009291853999999766	0.2329885169999999
