SignatureTime	PrioritizationTime	Total
0.04755635200000019	0.0016009470000000192	0.04915729900000021
