SignatureTime	PrioritizationTime	Total
0.0809465920000001	0.06452103300000012	0.1454676250000002
