SignatureTime	PrioritizationTime	Total
0.617514455	0.07048460699999981	0.6879990619999998
