SignatureTime	PrioritizationTime	Total
0.2879668230000001	0.013357292999999881	0.301324116
