SignatureTime	PrioritizationTime	Total
0.9213717320000001	0.039934055999999885	0.961305788
