SignatureTime	PrioritizationTime	Total
0.047114548999999784	0.012635144000000764	0.05974969300000055
