SignatureTime	PrioritizationTime	Total
0.3003776709999997	0.004474341000005211	0.3048520120000049
