SignatureTime	PrioritizationTime	Total
0.09240918100000073	0.0019289489999998466	0.09433813000000058
