SignatureTime	PrioritizationTime	Total
0.14005576099999928	0.01251209199999792	0.1525678529999972
