SignatureTime	PrioritizationTime	Total
0.033797606999999896	0.000948603999999964	0.03474621099999986
