SignatureTime	PrioritizationTime	Total
0.4147004350000001	0.013082830999999961	0.42778326600000005
