SignatureTime	PrioritizationTime	Total
0.003939558999999981	9.088000000012642e-05	0.004030439000000108
