SignatureTime	PrioritizationTime	Total
0.021931363000000204	0.005865475000000231	0.027796838000000434
