SignatureTime	PrioritizationTime	Total
0.11786401000000168	0.004583862000000494	0.12244787200000218
