SignatureTime	PrioritizationTime	Total
0.006811971999999944	0.00025814200000007226	0.007070114000000016
