SignatureTime	PrioritizationTime	Total
0.04424691700000016	0.005960014999999874	0.05020693200000004
