SignatureTime	PrioritizationTime	Total
0.42781657599999967	2.076785986999999	2.504602562999999
