SignatureTime	PrioritizationTime	Total
4.145763517	1.9986346849999999	6.144398202
