SignatureTime	PrioritizationTime	Total
1.1369111299999997	2.0463757680000008	3.1832868980000004
