SignatureTime	PrioritizationTime	Total
0.10111456100000016	0.0012308750000000757	0.10234543600000023
