SignatureTime	PrioritizationTime	Total
0.005180214999999988	0.0001899809999998947	0.005370195999999883
