SignatureTime	PrioritizationTime	Total
3.6307556580000018	2.06425634	5.695011998000002
