SignatureTime	PrioritizationTime	Total
13.446011956000007	9.519375182999994	22.965387139
