SignatureTime	PrioritizationTime	Total
0.19861465700000025	0.01551824299999982	0.21413290000000007
