SignatureTime	PrioritizationTime	Total
4.486828820999996	9.485544730999997	13.972373551999993
