SignatureTime	PrioritizationTime	Total
1.015765848000001	9.472712518999998	10.488478366999999
