SignatureTime	PrioritizationTime	Total
0.0003122920000000473	3.4619999999874196e-05	0.0003469119999999215
