SignatureTime	PrioritizationTime	Total
14.225204959000001	9.531271109999999	23.756476069
