SignatureTime	PrioritizationTime	Total
3.2947157879999995	0.2891037289999998	3.5838195169999993
