SignatureTime	PrioritizationTime	Total
2.7533854979999997	0.2516632740000002	3.005048772
