SignatureTime	PrioritizationTime	Total
0.33592991800000016	0.323498206	0.6594281240000002
