SignatureTime	PrioritizationTime	Total
0.0003249709999999517	3.361100000009998e-05	0.0003585820000000517
