SignatureTime	PrioritizationTime	Total
0.1275579050000002	0.0025422120000002657	0.13010011700000046
