SignatureTime	PrioritizationTime	Total
1.0658678899999998	0.3088803339999995	1.3747482239999993
