SignatureTime	PrioritizationTime	Total
0.03951564399999974	0.0013499459999999353	0.040865589999999674
