SignatureTime	PrioritizationTime	Total
0.26720273799999994	0.5375917889999995	0.8047945269999994
