SignatureTime	PrioritizationTime	Total
0.0023821110000001866	8.898099999998799e-05	0.0024710920000001746
