SignatureTime	PrioritizationTime	Total
3.839058827	0.592669485	4.431728312000001
