SignatureTime	PrioritizationTime	Total
3.5678282370000005	0.5078325489999997	4.075660786
