SignatureTime	PrioritizationTime	Total
1.3603499620000008	0.5298664259999999	1.8902163880000007
