SignatureTime	PrioritizationTime	Total
6.349642811000001	2.944584528	9.294227339
