SignatureTime	PrioritizationTime	Total
0.7592330350000003	3.0026725460000003	3.7619055810000006
