SignatureTime	PrioritizationTime	Total
5.730232845	2.784314220999999	8.514547065999999
