SignatureTime	PrioritizationTime	Total
2.099093121	2.9626000849999983	5.061693205999998
