SignatureTime	PrioritizationTime	Total
0.13702352999999956	0.006353550000000041	0.1433770799999996
