SignatureTime	PrioritizationTime	Total
0.11732587999999988	0.0006385529999999306	0.11796443299999981
