SignatureTime	PrioritizationTime	Total
0.901012304	0.3462234110000004	1.2472357150000004
