SignatureTime	PrioritizationTime	Total
0.030198160999999946	0.0009967049999999311	0.031194865999999877
