SignatureTime	PrioritizationTime	Total
0.22316274600000008	0.013060443999999949	0.23622319000000003
