SignatureTime	PrioritizationTime	Total
2.707331711	0.32259154499999987	3.029923256
