SignatureTime	PrioritizationTime	Total
0.20909516199999967	0.36246582999999966	0.5715609919999993
