SignatureTime	PrioritizationTime	Total
3.196264522	0.35189240099999974	3.5481569229999996
