SignatureTime	PrioritizationTime	Total
0.07194809599999985	0.0017172979999999782	0.07366539399999983
