SignatureTime	PrioritizationTime	Total
3.1362669699999977	10.142969197000003	13.279236167
