SignatureTime	PrioritizationTime	Total
7.587973562	10.214308158000001	17.802281720000003
