SignatureTime	PrioritizationTime	Total
1.039462306999999	10.078282696	11.117745003
