SignatureTime	PrioritizationTime	Total
7.225587701999999	9.828393575999996	17.053981277999995
