SignatureTime	PrioritizationTime	Total
0.0529408469999999	0.004720212000000057	0.05766105899999996
