SignatureTime	PrioritizationTime	Total
1.8637749279999998	2.757430641000001	4.621205569000001
