SignatureTime	PrioritizationTime	Total
6.224831089	2.7131403670000003	8.937971456
