SignatureTime	PrioritizationTime	Total
0.10566146300000012	0.005241834000000001	0.11090329700000012
