SignatureTime	PrioritizationTime	Total
5.468494933999999	2.5996484100000004	8.068143344
