SignatureTime	PrioritizationTime	Total
0.015226820999999946	0.0005663329999998634	0.01579315399999981
