SignatureTime	PrioritizationTime	Total
0.6798968310000006	2.8109509060000004	3.490847737000001
