SignatureTime	PrioritizationTime	Total
0.13629254599999996	0.15791548600000027	0.29420803200000023
