SignatureTime	PrioritizationTime	Total
1.9591382990000001	0.15762300599999968	2.116761305
