SignatureTime	PrioritizationTime	Total
1.3736104880000006	0.14086118699999872	1.5144716749999994
