SignatureTime	PrioritizationTime	Total
0.38637383099999845	0.15365168900000015	0.5400255199999986
