SignatureTime	PrioritizationTime	Total
0.009505673999999908	0.00016454099999996252	0.009670214999999871
