SignatureTime	PrioritizationTime	Total
0.024519184000000305	0.000309081999999794	0.0248282660000001
