SignatureTime	PrioritizationTime	Total
0.15646616999999985	0.08643131399999948	0.24289748399999933
