SignatureTime	PrioritizationTime	Total
0.35001102799999995	0.08242628799999974	0.4324373159999997
