SignatureTime	PrioritizationTime	Total
0.027114057000000136	0.0005938330000001546	0.02770789000000029
