SignatureTime	PrioritizationTime	Total
1.0176227279999992	0.06169213799999973	1.079314865999999
