SignatureTime	PrioritizationTime	Total
0.12144333699999965	0.001603267999999769	0.12304660499999942
