SignatureTime	PrioritizationTime	Total
1.613292871	0.08706709600000018	1.7003599670000002
