SignatureTime	PrioritizationTime	Total
0.7535857009999987	0.6460887069999988	1.3996744079999974
