SignatureTime	PrioritizationTime	Total
0.0299015789999999	0.0012917260000000486	0.03119330499999995
