SignatureTime	PrioritizationTime	Total
0.28986190400000034	0.6242393450000012	0.9141012490000016
