SignatureTime	PrioritizationTime	Total
2.611370231	0.6312703960000001	3.242640627
