SignatureTime	PrioritizationTime	Total
0.033761178	0.014422621999999885	0.04818379999999989
