SignatureTime	PrioritizationTime	Total
2.1733455399999997	0.555215540999999	2.7285610809999987
