SignatureTime	PrioritizationTime	Total
1.0254461540000008	0.0422619080000004	1.0677080620000012
