SignatureTime	PrioritizationTime	Total
0.14816719099999975	0.002227119999999694	0.15039431099999945
