SignatureTime	PrioritizationTime	Total
0.16294044800000052	0.06180991000000002	0.22475035800000054
