SignatureTime	PrioritizationTime	Total
0.36323166299999965	0.059404631000000485	0.42263629400000013
