SignatureTime	PrioritizationTime	Total
0.02913106600000015	0.0006131719999999952	0.029744238000000145
