SignatureTime	PrioritizationTime	Total
1.5913308199999998	0.060313740999999865	1.6516445609999997
