SignatureTime	PrioritizationTime	Total
2.606362005	3.299738284	5.906100288999999
