SignatureTime	PrioritizationTime	Total
0.7257365429999965	3.3601908250000037	4.085927368
