SignatureTime	PrioritizationTime	Total
0.3772055419999987	3.2559154749999983	3.633121016999997
