SignatureTime	PrioritizationTime	Total
0.09622023899999999	0.0055986460000001514	0.10181888500000014
