SignatureTime	PrioritizationTime	Total
0.08169275100000006	0.015416011999999979	0.09710876300000004
