SignatureTime	PrioritizationTime	Total
2.1018822460000024	2.8622872039999976	4.96416945
