SignatureTime	PrioritizationTime	Total
2.0177969979999997	1.4265366719999997	3.4443336699999993
