SignatureTime	PrioritizationTime	Total
0.4434079120000003	1.4530490939999998	1.8964570060000001
