SignatureTime	PrioritizationTime	Total
6.12970921	1.4310844769999997	7.560793686999999
