SignatureTime	PrioritizationTime	Total
5.485327002	1.325383384000001	6.810710386000001
