SignatureTime	PrioritizationTime	Total
0.1450204369999999	0.008816180999999812	0.1538366179999997
