SignatureTime	PrioritizationTime	Total
0.010899803999999902	4.4280000000007647e-05	0.01094408399999991
