SignatureTime	PrioritizationTime	Total
0.0458721139999998	0.002955513999999937	0.048827627999999734
