SignatureTime	PrioritizationTime	Total
1.6207363619999988	0.934319655000003	2.555056017000002
