SignatureTime	PrioritizationTime	Total
0.04715710999999967	0.0004354820000003201	0.04759259199999999
