SignatureTime	PrioritizationTime	Total
0.38300782700000013	0.9540878269999986	1.3370956539999987
