SignatureTime	PrioritizationTime	Total
3.306296046	0.8079629200000014	4.114258966000001
