SignatureTime	PrioritizationTime	Total
3.506872778	0.8928085650000002	4.399681343
