SignatureTime	PrioritizationTime	Total
0.203019018	0.016698068000000177	0.21971708600000017
