SignatureTime	PrioritizationTime	Total
3.4217486249999993	4.3110337199999975	7.732782344999997
