SignatureTime	PrioritizationTime	Total
0.7241903460000003	4.254902331000004	4.979092677000004
