SignatureTime	PrioritizationTime	Total
9.61391146599999	4.078322553999996	13.692234019999987
