SignatureTime	PrioritizationTime	Total
0.00033983199999987335	4.0610000000107505e-05	0.00038044199999998085
