SignatureTime	PrioritizationTime	Total
10.154135999000001	4.288749531000001	14.442885530000002
