SignatureTime	PrioritizationTime	Total
5.653932115	3.062346668	8.716278783
