SignatureTime	PrioritizationTime	Total
0.05163877100000014	0.05922668000000009	0.11086545100000023
