SignatureTime	PrioritizationTime	Total
0.5634414979999995	3.0466905109999995	3.610132008999999
