SignatureTime	PrioritizationTime	Total
0.03908171199999999	0.004399650000000088	0.04348136200000008
