SignatureTime	PrioritizationTime	Total
1.9222473250000007	3.055444527999999	4.977691853
