SignatureTime	PrioritizationTime	Total
5.237642857999997	2.737407632	7.975050489999997
