SignatureTime	PrioritizationTime	Total
0.19483447999999992	0.01680249800000011	0.21163697800000003
