SignatureTime	PrioritizationTime	Total
1.1054763660000049	10.197809608999997	11.303285975000001
