SignatureTime	PrioritizationTime	Total
12.507572491000001	10.107348627999999	22.614921119
