SignatureTime	PrioritizationTime	Total
4.3153960959999935	9.936470983999996	14.25186707999999
