SignatureTime	PrioritizationTime	Total
0.06838805900000011	0.00792662700000002	0.07631468600000013
