SignatureTime	PrioritizationTime	Total
11.959593569000006	9.24171758	21.201311149000006
