SignatureTime	PrioritizationTime	Total
0.018980258000000028	0.0007572040000001223	0.01973746200000015
