SignatureTime	PrioritizationTime	Total
0.9502183330000005	0.07195921499999969	1.0221775480000002
