SignatureTime	PrioritizationTime	Total
0.11743154500000008	0.08333829100000001	0.2007698360000001
