SignatureTime	PrioritizationTime	Total
0.005596226999999843	0.00016496100000029656	0.005761188000000139
