SignatureTime	PrioritizationTime	Total
0.3459154	0.08566832200000007	0.43158372200000006
