SignatureTime	PrioritizationTime	Total
0.1976630319999999	0.048097555000000014	0.24576058699999992
