SignatureTime	PrioritizationTime	Total
3.4569436259999993	2.310021412	5.7669650379999995
