SignatureTime	PrioritizationTime	Total
2.357443296	0.9273729259999999	3.284816222
