SignatureTime	PrioritizationTime	Total
0.21305401000000002	0.9469187269999999	1.159972737
