SignatureTime	PrioritizationTime	Total
2.292396626	0.602767512	2.895164138
