SignatureTime	PrioritizationTime	Total
0.05265463400000003	0.006849161999999964	0.059503796
