SignatureTime	PrioritizationTime	Total
4.836883247	3.2996080350000003	8.136491282000001
