SignatureTime	PrioritizationTime	Total
4.485628640000002	2.9176138020000053	7.403242442000007
