SignatureTime	PrioritizationTime	Total
1.8505073620000019	3.248579253999999	5.099086616000001
