SignatureTime	PrioritizationTime	Total
0.7897191939999999	3.2691498610000025	4.058869055000002
