SignatureTime	PrioritizationTime	Total
0.633056984	0.04503448100000007	0.6780914650000001
