SignatureTime	PrioritizationTime	Total
0.029605727999999942	0.0006085220000002778	0.03021425000000022
