SignatureTime	PrioritizationTime	Total
0.017693974000000168	0.0010315049999993775	0.018725478999999545
