SignatureTime	PrioritizationTime	Total
0.1251942210000001	0.0012092750000001207	0.12640349600000023
