SignatureTime	PrioritizationTime	Total
0.03188553900000102	0.00030352099999930715	0.032189060000000325
