SignatureTime	PrioritizationTime	Total
0.008333945000000398	0.0010420650000000364	0.009376010000000434
