SignatureTime	PrioritizationTime	Total
0.03143703599999981	0.0006613240000001852	0.03209835999999999
