SignatureTime	PrioritizationTime	Total
0.30117481099999566	0.07416783299999707	0.37534264399999273
