SignatureTime	PrioritizationTime	Total
1.406152248	0.07343889300000006	1.479591141
