SignatureTime	PrioritizationTime	Total
0.8428669229999883	0.06411059900000282	0.9069775219999912
