SignatureTime	PrioritizationTime	Total
0.1156940079999984	0.07359183100000166	0.18928583900000007
