SignatureTime	PrioritizationTime	Total
0.005296534000000186	8.383999999983516e-05	0.005380374000000021
