SignatureTime	PrioritizationTime	Total
0.757557117999994	0.4319985440000025	1.1895556619999965
