SignatureTime	PrioritizationTime	Total
0.0005358019999999186	3.2060000000111444e-05	0.0005678620000000301
