SignatureTime	PrioritizationTime	Total
2.590716126	0.4024087670000003	2.993124893
