SignatureTime	PrioritizationTime	Total
2.0535585310000073	0.3638992280000082	2.4174577590000155
