SignatureTime	PrioritizationTime	Total
0.3052174090000008	0.43144911199999925	0.7366665210000001
