SignatureTime	PrioritizationTime	Total
0.11958975800000005	0.0029391140000001315	0.12252887200000018
