SignatureTime	PrioritizationTime	Total
2.758710036	1.5912851580000007	4.349995194000001
