SignatureTime	PrioritizationTime	Total
1.071902406	1.597813064	2.66971547
