SignatureTime	PrioritizationTime	Total
5.104399581999999	1.5973172719999988	6.701716853999998
