SignatureTime	PrioritizationTime	Total
0.09222833400000008	0.0011775349999996187	0.0934058689999997
