SignatureTime	PrioritizationTime	Total
0.0984586409999999	0.0006103319999999357	0.09906897299999984
