SignatureTime	PrioritizationTime	Total
5.266088471	1.606611246	6.872699717
