SignatureTime	PrioritizationTime	Total
4.976136714	0.48009910599999994	5.45623582
