SignatureTime	PrioritizationTime	Total
0.6562493960000002	0.2023849040000001	0.8586343000000003
