SignatureTime	PrioritizationTime	Total
0.445247462	0.003059503000000019	0.448306965
