SignatureTime	PrioritizationTime	Total
0.15974041000000017	0.0023712009999998784	0.16211161100000004
