SignatureTime	PrioritizationTime	Total
8.408050552	0.5537965790000001	8.961847131
