SignatureTime	PrioritizationTime	Total
2.4479696140000002	0.1647603280000003	2.6127299420000005
