SignatureTime	PrioritizationTime	Total
0.05230070400000031	0.0009843850000001986	0.05328508900000051
