SignatureTime	PrioritizationTime	Total
0.07584037000000166	0.00428382799999838	0.08012419800000004
