SignatureTime	PrioritizationTime	Total
0.15677194100000236	0.0017254379999940284	0.15849737899999639
