SignatureTime	PrioritizationTime	Total
0.600394409	0.0044474210000000625	0.60484183
