SignatureTime	PrioritizationTime	Total
0.02615158000000406	0.004416808999998523	0.030568389000002583
