SignatureTime	PrioritizationTime	Total
0.015227541000000233	0.0003678119999999119	0.015595353000000145
