SignatureTime	PrioritizationTime	Total
0.039580664999999904	0.003190055000000136	0.04277072000000004
