SignatureTime	PrioritizationTime	Total
0.38165400099999935	1.8229898760000012	2.2046438770000005
