SignatureTime	PrioritizationTime	Total
3.2884310350000003	1.755084869	5.043515904
