SignatureTime	PrioritizationTime	Total
1.0014982779999997	1.7588960259999986	2.7603943039999983
