SignatureTime	PrioritizationTime	Total
2.6941161509999993	1.4115444359999998	4.105660586999999
