SignatureTime	PrioritizationTime	Total
0.1835173559999994	0.019037819000000233	0.20255517499999964
