SignatureTime	PrioritizationTime	Total
0.34877360299999993	0.013430685000000109	0.36220428800000004
