SignatureTime	PrioritizationTime	Total
5.3557513320000005	2.784194759999999	8.139946091999999
