SignatureTime	PrioritizationTime	Total
2.286689321	2.9712670630000004	5.257956384
