SignatureTime	PrioritizationTime	Total
5.263590256	2.7529589749999994	8.016549230999999
