SignatureTime	PrioritizationTime	Total
0.12307068899999996	0.0015927859999997906	0.12466347499999975
