SignatureTime	PrioritizationTime	Total
1.1005609299999999	2.863194067	3.9637549969999997
