SignatureTime	PrioritizationTime	Total
2.3693089339999993	0.18718784400000033	2.5564967779999996
