SignatureTime	PrioritizationTime	Total
0.002920984000000182	0.010418932000000325	0.013339916000000507
