SignatureTime	PrioritizationTime	Total
0.659284116	0.2173166179999999	0.8766007339999999
