SignatureTime	PrioritizationTime	Total
0.048513472	0.0007149340000001114	0.04922840600000011
