SignatureTime	PrioritizationTime	Total
1.416382951	0.21247071699999998	1.6288536679999999
