SignatureTime	PrioritizationTime	Total
0.1947100879999999	0.015018941000000119	0.209729029
