SignatureTime	PrioritizationTime	Total
0.068303279	0.006554890999999952	0.07485816999999995
