SignatureTime	PrioritizationTime	Total
10.364597297000003	6.365975132000003	16.730572429000006
