SignatureTime	PrioritizationTime	Total
11.323289914	6.896367136999999	18.219657051
