SignatureTime	PrioritizationTime	Total
3.596613762999997	6.883637808	10.480251570999997
