SignatureTime	PrioritizationTime	Total
0.8847465650000004	6.988643372999999	7.873389937999999
