SignatureTime	PrioritizationTime	Total
0.2551749500000007	0.018973327999999512	0.2741482780000002
