SignatureTime	PrioritizationTime	Total
0.022813496000000377	0.02134201999999963	0.044155516000000006
