SignatureTime	PrioritizationTime	Total
0.05513856299999986	0.021074229000000777	0.07621279200000064
