SignatureTime	PrioritizationTime	Total
0.01794896300000004	0.00026647099999999035	0.01821543400000003
