SignatureTime	PrioritizationTime	Total
0.005239334999999734	0.00012908000000022568	0.00536841499999996
