SignatureTime	PrioritizationTime	Total
0.39569005699999993	0.021749391999999812	0.41743944899999974
