SignatureTime	PrioritizationTime	Total
0.6957804779999996	0.8928794389999997	1.5886599169999993
