SignatureTime	PrioritizationTime	Total
0.30726241700000045	0.8878505580000002	1.1951129750000007
