SignatureTime	PrioritizationTime	Total
0.032562371999999895	0.014334227999999838	0.04689659999999973
