SignatureTime	PrioritizationTime	Total
0.029782968999999992	0.001361766000000042	0.031144735000000034
