SignatureTime	PrioritizationTime	Total
2.507675135	0.883278421	3.390953556
