SignatureTime	PrioritizationTime	Total
2.002640494999998	0.784171568999998	2.786812063999996
