SignatureTime	PrioritizationTime	Total
0.2533860489999995	0.02052391699999845	0.27390996599999795
