SignatureTime	PrioritizationTime	Total
0.08451016400000011	0.001515166999999984	0.0860253310000001
