SignatureTime	PrioritizationTime	Total
0.009437474000000057	0.00035723200000004063	0.009794706000000097
