SignatureTime	PrioritizationTime	Total
0.5696838779999993	0.013077891000001785	0.5827617690000011
