SignatureTime	PrioritizationTime	Total
0.0477214220000004	0.021723692000000128	0.06944511400000053
