SignatureTime	PrioritizationTime	Total
1.0844696939999998	0.020593126000000073	1.10506282
