SignatureTime	PrioritizationTime	Total
0.06194799900000003	0.004108369999999972	0.066056369
