SignatureTime	PrioritizationTime	Total
0.40077081199999753	0.07684192500000364	0.4776127370000012
