SignatureTime	PrioritizationTime	Total
0.06515171400000064	0.0007541440000000676	0.0659058580000007
