SignatureTime	PrioritizationTime	Total
0.09193890799999949	0.07860012199999744	0.17053902999999693
