SignatureTime	PrioritizationTime	Total
0.8307789159999999	0.0436478539999996	0.8744267699999995
