SignatureTime	PrioritizationTime	Total
1.3265486819999999	0.07621371499999974	1.4027623969999996
