SignatureTime	PrioritizationTime	Total
0.11782604799999952	0.09325391399999994	0.21107996199999945
