SignatureTime	PrioritizationTime	Total
1.200575731999999	0.07638419699999943	1.2769599289999984
