SignatureTime	PrioritizationTime	Total
1.6930996180000002	0.10340602200000015	1.7965056400000003
