SignatureTime	PrioritizationTime	Total
0.4420707559999997	0.08833428300000001	0.5304050389999997
