SignatureTime	PrioritizationTime	Total
0.010026336999999996	0.0002361310000000838	0.01026246800000008
