SignatureTime	PrioritizationTime	Total
0.036467700000000214	0.0004922830000002598	0.036959983000000474
