SignatureTime	PrioritizationTime	Total
0.04658742800000004	0.0009720239999997382	0.04755945199999978
