SignatureTime	PrioritizationTime	Total
0.032695427999996696	0.004553479000001914	0.03724890699999861
