SignatureTime	PrioritizationTime	Total
0.05161462100000014	0.0021711799999999393	0.05378580100000008
