SignatureTime	PrioritizationTime	Total
0.028987935000003517	0.0002883409999867581	0.029276275999990276
