SignatureTime	PrioritizationTime	Total
0.014145470000002547	0.004646600000000944	0.01879207000000349
