SignatureTime	PrioritizationTime	Total
0.5207858010000002	0.005227955000000062	0.5260137560000002
