SignatureTime	PrioritizationTime	Total
0.8034873619999985	0.8041392449999982	1.6076266069999967
