SignatureTime	PrioritizationTime	Total
3.070257358	0.7867336199999997	3.856990978
