SignatureTime	PrioritizationTime	Total
0.26313038099999986	0.8279330750000007	1.0910634560000005
