SignatureTime	PrioritizationTime	Total
0.01975833299999996	0.0005963630000000997	0.02035469600000006
