SignatureTime	PrioritizationTime	Total
0.031235464999999962	0.00045363200000014814	0.03168909700000011
