SignatureTime	PrioritizationTime	Total
2.4717645730000015	0.7347578079999977	3.206522380999999
