SignatureTime	PrioritizationTime	Total
0.10205421099999867	0.10508257400000076	0.20713678499999943
