SignatureTime	PrioritizationTime	Total
0.011065010999999902	9.692099999991655e-05	0.011161931999999819
