SignatureTime	PrioritizationTime	Total
0.2523851060000055	0.10116281700000229	0.3535479230000078
