SignatureTime	PrioritizationTime	Total
0.9590042349999948	0.09151749699999812	1.0505217319999929
