SignatureTime	PrioritizationTime	Total
1.412076364	0.0983964890000002	1.5104728530000002
