SignatureTime	PrioritizationTime	Total
0.02844071200000009	0.0005397819999997111	0.0289804939999998
