SignatureTime	PrioritizationTime	Total
0.35768854999999977	0.6209664510000001	0.9786550009999999
