SignatureTime	PrioritizationTime	Total
0.8164962959999995	0.6030427749999996	1.419539070999999
