SignatureTime	PrioritizationTime	Total
3.2206942010000006	0.5953226569999996	3.8160168580000002
