SignatureTime	PrioritizationTime	Total
0.024817285999999994	0.0005205630000000294	0.025337849000000023
