SignatureTime	PrioritizationTime	Total
0.13384884499999972	0.0016946280000000868	0.1355434729999998
