SignatureTime	PrioritizationTime	Total
2.648406917000001	0.5225208280000011	3.170927745000002
