SignatureTime	PrioritizationTime	Total
1.761307875	1.6516424629999946	3.4129503379999946
