SignatureTime	PrioritizationTime	Total
4.812711774	1.653439322000004	6.466151096000004
