SignatureTime	PrioritizationTime	Total
0.02199930299999986	0.0006840230000000336	0.022683325999999893
