SignatureTime	PrioritizationTime	Total
0.46411224999999945	1.6453607760000004	2.109473026
