SignatureTime	PrioritizationTime	Total
5.197636510000001	1.6256524639999999	6.8232889740000005
