SignatureTime	PrioritizationTime	Total
0.02848596300000006	0.0003677909999999507	0.02885375400000001
