SignatureTime	PrioritizationTime	Total
0.015410224999996558	0.004045116999996878	0.019455341999993436
