SignatureTime	PrioritizationTime	Total
0.03923092299999986	0.001955238999999942	0.041186161999999804
