SignatureTime	PrioritizationTime	Total
0.061559517000000064	0.0012256659999998476	0.06278518299999991
