SignatureTime	PrioritizationTime	Total
0.03290932899999888	0.0038313959999953795	0.036740724999994256
