SignatureTime	PrioritizationTime	Total
0.5777993659999998	0.004393690999999977	0.5821930569999998
