SignatureTime	PrioritizationTime	Total
0.02702549500000373	0.00019550000000378986	0.02722099500000752
