SignatureTime	PrioritizationTime	Total
0.1854858350000006	0.0436663639999999	0.2291521990000005
