SignatureTime	PrioritizationTime	Total
0.04191604499999979	0.004255679999999984	0.046171724999999775
