SignatureTime	PrioritizationTime	Total
2.8056280010000023	2.155161566000004	4.960789567000006
