SignatureTime	PrioritizationTime	Total
0.4218843010000022	2.8809415119999997	3.302825813000002
