SignatureTime	PrioritizationTime	Total
3.4294100810000003	2.8770306539999995	6.306440735
