SignatureTime	PrioritizationTime	Total
1.1761366350000024	2.8307218800000022	4.006858515000005
