SignatureTime	PrioritizationTime	Total
0.030661702999999818	0.0004151120000002173	0.031076815000000035
