SignatureTime	PrioritizationTime	Total
0.24381215000000012	0.48312275899999957	0.7269349089999997
