SignatureTime	PrioritizationTime	Total
3.0734678730000002	0.45410588799999996	3.527573761
