SignatureTime	PrioritizationTime	Total
0.8628296929999983	0.4756746579999991	1.3385043509999974
