SignatureTime	PrioritizationTime	Total
0.010136707000000023	0.0002463010000000043	0.010383008000000027
