SignatureTime	PrioritizationTime	Total
2.4727048980000017	0.4248080519999995	2.897512950000001
