SignatureTime	PrioritizationTime	Total
0.21127561199999967	0.39857986300000015	0.6098554749999998
