SignatureTime	PrioritizationTime	Total
1.6349697379999997	0.34458468699999933	1.979554424999999
