SignatureTime	PrioritizationTime	Total
2.3014214639999997	0.3862569419999997	2.6876784059999994
