SignatureTime	PrioritizationTime	Total
0.36776910500000026	0.002418651999999799	0.37018775700000006
