SignatureTime	PrioritizationTime	Total
0.0041902590000000295	0.0001297609999999505	0.00432001999999998
