SignatureTime	PrioritizationTime	Total
0.741284769	0.3863730109999999	1.1276577799999998
