SignatureTime	PrioritizationTime	Total
0.01420602000000315	0.00940057999999766	0.02360660000000081
