SignatureTime	PrioritizationTime	Total
0.15339357599999914	0.006710771000001614	0.16010434700000076
