SignatureTime	PrioritizationTime	Total
0.5613331340000001	0.009874386000000124	0.5712075200000002
