SignatureTime	PrioritizationTime	Total
0.012957560000000257	0.00035976099999990296	0.01331732100000016
