SignatureTime	PrioritizationTime	Total
0.009315483999999818	0.0003680119999998066	0.009683495999999625
