SignatureTime	PrioritizationTime	Total
0.03706533599999773	0.00939171999999644	0.04645705599999417
